﻿<?xml version="1.0"?>
<doc>
<assembly>
<name>
MinecraftGUI
</name>
</assembly>
<members>
<member name="T:MinecraftGUI.My.Resources.Resources">
<summary>
  用於查詢當地語系化字串等的強類型資源類別。
</summary>
</member>
<member name="P:MinecraftGUI.My.Resources.Resources.ResourceManager">
<summary>
  傳回這個類別使用的快取的 ResourceManager 執行個體。
</summary>
</member>
<member name="P:MinecraftGUI.My.Resources.Resources.Culture">
<summary>
  覆寫目前執行緒的 CurrentUICulture 屬性，對象是所有
  使用這個強類型資源類別的資源查閱。
</summary>
</member>
<member name="P:MinecraftGUI.My.Resources.Resources.button_border">
<summary>
  查詢類型 System.Drawing.Bitmap 的當地語系化資源。
</summary>
</member>
<member name="P:MinecraftGUI.My.Resources.Resources.button_hover_border">
<summary>
  查詢類型 System.Drawing.Bitmap 的當地語系化資源。
</summary>
</member>
<member name="P:MinecraftGUI.My.Resources.Resources.button_not_important_border">
<summary>
  查詢類型 System.Drawing.Bitmap 的當地語系化資源。
</summary>
</member>
<member name="P:MinecraftGUI.My.Resources.Resources.checkbox_checked">
<summary>
  查詢類型 System.Drawing.Bitmap 的當地語系化資源。
</summary>
</member>
<member name="P:MinecraftGUI.My.Resources.Resources.checkbox_dis_checked">
<summary>
  查詢類型 System.Drawing.Bitmap 的當地語系化資源。
</summary>
</member>
<member name="P:MinecraftGUI.My.Resources.Resources.checkbox_dis_unchecked">
<summary>
  查詢類型 System.Drawing.Bitmap 的當地語系化資源。
</summary>
</member>
<member name="P:MinecraftGUI.My.Resources.Resources.checkbox_unchecked">
<summary>
  查詢類型 System.Drawing.Bitmap 的當地語系化資源。
</summary>
</member>
<member name="P:MinecraftGUI.CheckBox.GUIEnabled">
 <summary>
 是否啟用 Minecraft GUI
 </summary>
 <returns></returns>
</member>
<member name="P:MinecraftGUI.Button.GUIEnabled">
 <summary>
 是否啟用 Minecraft GUI
 </summary>
 <returns></returns>
</member>
</members>
</doc>
