﻿<?xml version="1.0"?>
<doc>
<assembly>
<name>
ServerManager
</name>
</assembly>
<members>
<member name="T:ServerManager.My.Resources.Resources">
<summary>
  用於查詢當地語系化字串等的強類型資源類別。
</summary>
</member>
<member name="P:ServerManager.My.Resources.Resources.ResourceManager">
<summary>
  傳回這個類別使用的快取的 ResourceManager 執行個體。
</summary>
</member>
<member name="P:ServerManager.My.Resources.Resources.Culture">
<summary>
  覆寫目前執行緒的 CurrentUICulture 屬性，對象是所有
  使用這個強類型資源類別的資源查閱。
</summary>
</member>
<member name="P:ServerManager.My.Resources.Resources.bukkit">
<summary>
  查詢類型 System.Drawing.Bitmap 的當地語系化資源。
</summary>
</member>
<member name="P:ServerManager.My.Resources.Resources.bukkit_2">
<summary>
  查詢類型 System.Drawing.Bitmap 的當地語系化資源。
</summary>
</member>
<member name="P:ServerManager.My.Resources.Resources.bukkit1">
<summary>
  查詢類似 (圖示) 的類型 System.Drawing.Icon 當地語系化資源。
</summary>
</member>
<member name="P:ServerManager.My.Resources.Resources.CFLogo">
<summary>
  查詢類型 System.Drawing.Bitmap 的當地語系化資源。
</summary>
</member>
<member name="P:ServerManager.My.Resources.Resources.Chaos">
<summary>
  查詢類型 System.Drawing.Bitmap 的當地語系化資源。
</summary>
</member>
<member name="P:ServerManager.My.Resources.Resources.close32">
<summary>
  查詢類型 System.Drawing.Bitmap 的當地語系化資源。
</summary>
</member>
<member name="P:ServerManager.My.Resources.Resources.Delight">
<summary>
  查詢類型 System.Drawing.Bitmap 的當地語系化資源。
</summary>
</member>
<member name="P:ServerManager.My.Resources.Resources.Drought">
<summary>
  查詢類型 System.Drawing.Bitmap 的當地語系化資源。
</summary>
</member>
<member name="P:ServerManager.My.Resources.Resources.Icon">
<summary>
  查詢類型 System.Drawing.Bitmap 的當地語系化資源。
</summary>
</member>
<member name="P:ServerManager.My.Resources.Resources.IconTemplate">
<summary>
  查詢類型 System.Drawing.Bitmap 的當地語系化資源。
</summary>
</member>
<member name="P:ServerManager.My.Resources.Resources.Isles">
<summary>
  查詢類型 System.Drawing.Bitmap 的當地語系化資源。
</summary>
</member>
<member name="P:ServerManager.My.Resources.Resources.Luck">
<summary>
  查詢類型 System.Drawing.Bitmap 的當地語系化資源。
</summary>
</member>
<member name="P:ServerManager.My.Resources.Resources.Madness">
<summary>
  查詢類型 System.Drawing.Bitmap 的當地語系化資源。
</summary>
</member>
<member name="P:ServerManager.My.Resources.Resources.Nukkit">
<summary>
  查詢類型 System.Drawing.Bitmap 的當地語系化資源。
</summary>
</member>
<member name="P:ServerManager.My.Resources.Resources.nukkitPlguinDefault">
<summary>
  查詢類型 System.Drawing.Bitmap 的當地語系化資源。
</summary>
</member>
<member name="P:ServerManager.My.Resources.Resources.Run32">
<summary>
  查詢類型 System.Drawing.Bitmap 的當地語系化資源。
</summary>
</member>
<member name="P:ServerManager.My.Resources.Resources.ServerDefaultIcon">
<summary>
  查詢類型 System.Drawing.Bitmap 的當地語系化資源。
</summary>
</member>
<member name="P:ServerManager.My.Resources.Resources.Setting32">
<summary>
  查詢類型 System.Drawing.Bitmap 的當地語系化資源。
</summary>
</member>
<member name="P:ServerManager.My.Resources.Resources.showDir">
<summary>
  查詢類型 System.Drawing.Bitmap 的當地語系化資源。
</summary>
</member>
<member name="P:ServerManager.My.Resources.Resources.Sponge">
<summary>
  查詢類型 System.Drawing.Bitmap 的當地語系化資源。
</summary>
</member>
<member name="P:ServerManager.My.Resources.Resources.SpongeIcon1">
<summary>
  查詢類似 (圖示) 的類型 System.Drawing.Icon 當地語系化資源。
</summary>
</member>
<member name="P:ServerManager.My.Resources.Resources.Stop32">
<summary>
  查詢類型 System.Drawing.Bitmap 的當地語系化資源。
</summary>
</member>
<member name="P:ServerManager.My.Resources.Resources.Worldwater">
<summary>
  查詢類型 System.Drawing.Bitmap 的當地語系化資源。
</summary>
</member>
<member name="P:ServerManager.My.Resources.Resources.YamlIcon">
<summary>
  查詢類似 (圖示) 的類型 System.Drawing.Icon 當地語系化資源。
</summary>
</member>
<member name="M:ServerManager.BungeeCordHost.BungeeServer.#ctor">
 <summary>
 後設型New()函數，之後一定要指定伺服器
 </summary>
</member>
<member name="T:ServerManager.BungeeCordOptions">
 <summary>
 config.yml 的對應.NET 類別
 </summary>
</member>
<member name="T:ServerManager.AkarinOptions">
 <summary>
 akarin.yml 的對應.NET 類別
 </summary>
</member>
<member name="T:ServerManager.BukkitOptions">
 <summary>
 bukkit.yml 的對應.NET 類別
 </summary>
</member>
<member name="T:ServerManager.PaperOptions">
 <summary>
 paper.yml 的對應.NET 類別
 </summary>
</member>
<member name="T:ServerManager.PaperOptions.PaperWorldSettings">
 <summary>
 Paper 世界設定
 </summary>
</member>
<member name="T:ServerManager.Difficulty">
 <summary>
 遊戲難度
 </summary>
</member>
<member name="F:ServerManager.Difficulty.Peaceful">
 <summary>
 和平
 </summary>
</member>
<member name="F:ServerManager.Difficulty.Easy">
 <summary>
 簡單
 </summary>
</member>
<member name="F:ServerManager.Difficulty.Normal">
 <summary>
 普通
 </summary>
</member>
<member name="F:ServerManager.Difficulty.Hard">
 <summary>
 困難
 </summary>
</member>
<member name="T:ServerManager.Gamemode">
 <summary>
 遊戲模式
 </summary>
</member>
<member name="F:ServerManager.Gamemode.Survival">
 <summary>
 生存模式
 </summary>
</member>
<member name="F:ServerManager.Gamemode.Creative">
 <summary>
 創造模式
 </summary>
</member>
<member name="F:ServerManager.Gamemode.Adventure">
 <summary>
 冒險模式
 </summary>
</member>
<member name="F:ServerManager.Gamemode.Spectator">
 <summary>
 旁觀者模式
 </summary>
</member>
<member name="T:ServerManager.Op_Permission_Level">
 <summary>
 OP 權限等級
 </summary>
</member>
<member name="F:ServerManager.Op_Permission_Level.Lowest">
 <summary>
 最低
 </summary>
</member>
<member name="F:ServerManager.Op_Permission_Level.Low">
 <summary>
 低
 </summary>
</member>
<member name="F:ServerManager.Op_Permission_Level.High">
 <summary>
 高
 </summary>
</member>
<member name="F:ServerManager.Op_Permission_Level.Highest">
 <summary>
 最高
 </summary>
</member>
<member name="T:ServerManager.Java_Level_Type">
 <summary>
 世界類型
 </summary>
</member>
<member name="F:ServerManager.Java_Level_Type.DEFAULT">
 <summary>
 預設
 </summary>
</member>
<member name="F:ServerManager.Java_Level_Type.FLAT">
 <summary>
 超平坦
 </summary>
</member>
<member name="F:ServerManager.Java_Level_Type.LARGEBIOMES">
 <summary>
 巨大生態系
 </summary>
</member>
<member name="F:ServerManager.Java_Level_Type.AMPLIFIED">
 <summary>
 巨大化世界
 </summary>
</member>
<member name="F:ServerManager.Java_Level_Type.CUSTOMIZED">
 <summary>
 自定義地形
 </summary>
</member>
<member name="F:ServerManager.Java_Level_Type.BUFFET">
 <summary>
 自定義生物群系
 </summary>
</member>
<member name="T:ServerManager.Bedrock_Level_Type">
 <summary>
 世界類型
 </summary>
</member>
<member name="F:ServerManager.Bedrock_Level_Type.INFINITE">
 <summary>
 無限
 </summary>
</member>
<member name="F:ServerManager.Bedrock_Level_Type.FLAT">
 <summary>
 超平坦
 </summary>
</member>
<member name="F:ServerManager.Bedrock_Level_Type.OLD">
 <summary>
 舊世界類型(256*256)
 </summary>
</member>
<member name="T:ServerManager.Bedrock_Player_Permission_Level">
 <summary>
 
 </summary>
</member>
<member name="F:ServerManager.Bedrock_Player_Permission_Level.Visitor">
 <summary>
 訪客
 </summary>
</member>
<member name="F:ServerManager.Bedrock_Player_Permission_Level.Member">
 <summary>
 成員
 </summary>
</member>
<member name="F:ServerManager.Bedrock_Player_Permission_Level.Operator">
 <summary>
 管理員
 </summary>
</member>
<member name="T:ServerManager.JavaServerOptions">
 <summary>
 server.properties 的對應.NET 類別(Java 版)
 </summary>
</member>
<member name="T:ServerManager.NukkitServerOptions">
 <summary>
 server.properties 的對應.NET 類別(Nukkit 專用)
 </summary>
</member>
<member name="T:ServerManager.VanillaBedrockServerOptions">
 <summary>
 server.properties 的對應.NET 類別(Vanilla(基岩)專用)
 </summary>
</member>
<member name="T:ServerManager.SpigotOptions">
 <summary>
 spigot.yml 的對應.NET 類別
 </summary>
</member>
<member name="T:ServerManager.SpigotWorldSettings">
 <summary>
 Spigot 世界設定
 </summary>
</member>
<member name="M:ServerManager.Manager.GetExternalIP">
 <summary>
 方法來自 https://www.codeproject.com/Tips/452024/%2FTips%2F452024%2FGetting-the-External-IP-Address
 </summary>
 <returns></returns>
</member>
</members>
</doc>
